{
"type": "FeatureCollection",
 "features": [
{"type": "Feature",
"properties": {
"name": "{NORTHERN CALIFORNIA NO LAT LABEL }"
}
,
"geometry": {
"type": "Point",
"coordinates": [
-78.017783,
40.446117]
}
}
,{"type": "Feature",
"properties": {
"name": "{NORTHERN CALIFORNIA NO MARKERS }"
}
,
"geometry": {
"type": "Point",
"coordinates": [
-78.017783,
40.446117]
}
}
,{"type": "Feature",
"properties": {
"name": "{NO LAT LABEL }"
}
,
"geometry": {
"type": "Point",
"coordinates": [
-78.017778,
40.446111]
}
}
,{"type": "Feature",
"properties": {
"name": "{DUNEDIN }"
}
,
"geometry": {
"type": "Point",
"coordinates": [
170.502319,
-45.855]
}
}
,{"type": "Feature",
"properties": {
"name": "{THIS IS ALSO A LABEL }"
}
,
"geometry": {
"type": "Point",
"coordinates": [
-23.6999,
50.5556]
}
}
]
}